<?xml version="1.0" encoding="UTF-8" ?>
<!DOCTYPE mapper 
PUBLIC "-//mybatis.org//DTD Mapper 3.0//EN"   
"http://mybatis.org/dtd/mybatis-3-mapper.dtd">
<mapper namespace="org.ssis.edu.board.model.mapper.BoardMapper"> 

	<insert id="writeArticle"  
	parameterType="boardDto">
		INSERT INTO JYL_MBOARD(ID ,TITLE,CONTENT,WDATE,
		REF,STEP,DEPTH,PARENT
		,DELFLAG) 
		VALUES(#{id},#{title},#{content},now(),
		#{ref},0,0,0,0)
	</insert>
	<select id="listArticle"
	resultType="boardDto">
		SELECT SEQ ,ID ,TITLE,CONTENT,
		WDATE,REF,STEP,DEPTH,PARENT,DELFLAG
		FROM JYL_MBOARD
		where  DELFLAG=0
		ORDER BY REF desc, STEP ASC
	</select>
	<select id="getArticle" parameterType="int"
	resultType="boardDto">
		SELECT SEQ ,ID,TITLE,CONTENT,
		WDATE,REF,STEP,DEPTH,PARENT,DELFLAG
		FROM JYL_MBOARD
		where seq=#{seq} 
	</select>
	<update id="updateArticle" parameterType="boardDto">
		update JYL_MBOARD set 
		title=#{title},
		content=#{content}
		where seq=#{seq}
	</update>
	<update id="deleteArticle" parameterType="int">
		update JYL_MBOARD set 
		delflag=1
		where seq=#{seq}
	</update>
</mapper>





